"","Df","Sum Sq","Mean Sq","F value","Pr(>F)"
"weave          ",3,0.151882963588573,0.0506276545295244,2787.69384205017,0
"exposure       ",1,0.146350410485215,0.146350410485215,8058.44437950856,0
"target         ",3,1.25294312910178,0.417647709700593,22996.7980799848,0
"weave:exposure ",3,0.0185960724766153,0.00619869082553845,341.316468315735,4.11016927568797e-192
"weave:target   ",9,0.0646891837531658,0.00718768708368509,395.773243062001,0
"exposure:target",3,0.137818064506924,0.0459393548356412,2529.5435424209,0
"Residuals      ",3177,0.0576978920762721,1.81611243551376e-05,NA,NA
