"","Df","Sum Sq","Mean Sq","F value","Pr(>F)"
"weave          ",3,0.232856049915099,0.0776186833050331,20353.1045089236,0
"exposure       ",1,2.44019443014873,2.44019443014873,639865.688828166,0
"target         ",3,0.148947861938807,0.0496492873129358,13018.9935006052,0
"weave:exposure ",3,0.127408960534421,0.0424696535114735,11136.356088132,0
"weave:target   ",9,0.0099852725814153,0.00110947473126837,290.925511668023,0
"exposure:target",3,0.044429868696226,0.0148099562320753,3883.45401041437,0
"Residuals      ",3177,0.0121158203040707,3.81360412466816e-06,NA,NA
