"","Df","Sum Sq","Mean Sq","F value","Pr(>F)"
"weave          ",3,0.0140854226994906,0.0046951408998302,243.827640952924,2.18288849215862e-142
"exposure       ",1,0.822793916404899,0.822793916404899,42729.2607203076,0
"target         ",3,0.484954072731125,0.161651357577042,8394.86397016822,0
"weave:exposure ",3,0.0245970050250697,0.00819900167502323,425.789828088501,1.7360483267811e-232
"weave:target   ",9,0.119842583354003,0.0133158425948892,691.517157095269,0
"exposure:target",3,0.0246337593819419,0.00821125312731397,426.426069422687,8.79507390041739e-233
"Residuals      ",3177,0.0611762578699617,1.92559829619017e-05,NA,NA
