"","Df","Sum Sq","Mean Sq","F value","Pr(>F)"
"weave          ",3,0.141049643970508,0.0470165479901694,25598.181796273,0
"exposure       ",1,1.91325979957029,1.91325979957029,1041675.20301876,0
"target         ",3,0.442162203792369,0.147387401264123,80245.1403456525,0
"weave:exposure ",3,0.0953312011894319,0.031777067063144,17301.0391959188,0
"weave:target   ",9,0.0334687196048308,0.00371874662275898,2024.67335806031,0
"exposure:target",3,0.0660565567111263,0.0220188522370421,11988.1745173407,0
"Residuals      ",3177,0.00583524150869639,1.83671435590066e-06,NA,NA
