"","Df","Sum Sq","Mean Sq","F value","Pr(>F)"
"weave          ",3,0.0515124078179843,0.0171708026059948,1318.35683661476,0
"exposure       ",1,2.48051556520883,2.48051556520883,190451.473280618,0
"target         ",3,0.142645062130543,0.0475483540435144,3650.71447511492,0
"weave:exposure ",3,0.0446038080649152,0.0148679360216384,1141.54507219334,0
"weave:target   ",9,0.0354671330695834,0.00394079256328705,302.570062489463,0
"exposure:target",3,0.137820904728527,0.0459403015761756,3527.24983501644,0
"Residuals      ",3177,0.041378508734647,1.30243968318058e-05,NA,NA
