"","Df","Sum Sq","Mean Sq","F value","Pr(>F)"
"weave          ",3,0.0618267934904662,0.0206089311634887,1494.72280050553,0
"exposure       ",1,0.0141868286066868,0.0141868286066868,1028.94109437596,8.01470771449575e-196
"target         ",3,1.33230476101462,0.444101587004875,32209.761999346,0
"weave:exposure ",3,0.000564089404942929,0.000188029801647643,13.6374094060338,7.72989960299475e-09
"weave:target   ",9,0.0490813122076902,0.0054534791341878,395.529469203766,0
"exposure:target",3,0.0306018045512805,0.0102006015170935,739.8283562363,0
"Residuals      ",3177,0.0438038238824347,1.37877947379398e-05,NA,NA
